count,average,after,before,link
0,NA,410,400,https://api.pushshift.io/reddit/search/submission/?&q=deadass&subreddit=askmen&aggs=subreddit&fields=aggs&metadata=true&after=410d&before=400d
0,NA,400,390,https://api.pushshift.io/reddit/search/submission/?&q=deadass&subreddit=askmen&aggs=subreddit&fields=aggs&metadata=true&after=400d&before=390d
0,0.0,390,380,https://api.pushshift.io/reddit/search/submission/?&q=deadass&subreddit=askmen&aggs=subreddit&fields=aggs&metadata=true&after=390d&before=380d
0,0.0,380,370,https://api.pushshift.io/reddit/search/submission/?&q=deadass&subreddit=askmen&aggs=subreddit&fields=aggs&metadata=true&after=380d&before=370d
0,0.0,370,360,https://api.pushshift.io/reddit/search/submission/?&q=deadass&subreddit=askmen&aggs=subreddit&fields=aggs&metadata=true&after=370d&before=360d
0,0.0,360,350,https://api.pushshift.io/reddit/search/submission/?&q=deadass&subreddit=askmen&aggs=subreddit&fields=aggs&metadata=true&after=360d&before=350d
0,0.0,350,340,https://api.pushshift.io/reddit/search/submission/?&q=deadass&subreddit=askmen&aggs=subreddit&fields=aggs&metadata=true&after=350d&before=340d
0,0.4,340,330,https://api.pushshift.io/reddit/search/submission/?&q=deadass&subreddit=askmen&aggs=subreddit&fields=aggs&metadata=true&after=340d&before=330d
0,0.4,330,320,https://api.pushshift.io/reddit/search/submission/?&q=deadass&subreddit=askmen&aggs=subreddit&fields=aggs&metadata=true&after=330d&before=320d
2,0.4,320,310,https://api.pushshift.io/reddit/search/submission/?&q=deadass&subreddit=askmen&aggs=subreddit&fields=aggs&metadata=true&after=320d&before=310d
0,0.6,310,300,https://api.pushshift.io/reddit/search/submission/?&q=deadass&subreddit=askmen&aggs=subreddit&fields=aggs&metadata=true&after=310d&before=300d
0,0.6,300,290,https://api.pushshift.io/reddit/search/submission/?&q=deadass&subreddit=askmen&aggs=subreddit&fields=aggs&metadata=true&after=300d&before=290d
1,0.2,290,280,https://api.pushshift.io/reddit/search/submission/?&q=deadass&subreddit=askmen&aggs=subreddit&fields=aggs&metadata=true&after=290d&before=280d
0,0.2,280,270,https://api.pushshift.io/reddit/search/submission/?&q=deadass&subreddit=askmen&aggs=subreddit&fields=aggs&metadata=true&after=280d&before=270d
0,0.2,270,260,https://api.pushshift.io/reddit/search/submission/?&q=deadass&subreddit=askmen&aggs=subreddit&fields=aggs&metadata=true&after=270d&before=260d
0,0.0,260,250,https://api.pushshift.io/reddit/search/submission/?&q=deadass&subreddit=askmen&aggs=subreddit&fields=aggs&metadata=true&after=260d&before=250d
0,0.2,250,240,https://api.pushshift.io/reddit/search/submission/?&q=deadass&subreddit=askmen&aggs=subreddit&fields=aggs&metadata=true&after=250d&before=240d
0,0.2,240,230,https://api.pushshift.io/reddit/search/submission/?&q=deadass&subreddit=askmen&aggs=subreddit&fields=aggs&metadata=true&after=240d&before=230d
1,0.2,230,220,https://api.pushshift.io/reddit/search/submission/?&q=deadass&subreddit=askmen&aggs=subreddit&fields=aggs&metadata=true&after=230d&before=220d
0,0.2,220,210,https://api.pushshift.io/reddit/search/submission/?&q=deadass&subreddit=askmen&aggs=subreddit&fields=aggs&metadata=true&after=220d&before=210d
0,0.2,210,200,https://api.pushshift.io/reddit/search/submission/?&q=deadass&subreddit=askmen&aggs=subreddit&fields=aggs&metadata=true&after=210d&before=200d
0,0.0,200,190,https://api.pushshift.io/reddit/search/submission/?&q=deadass&subreddit=askmen&aggs=subreddit&fields=aggs&metadata=true&after=200d&before=190d
0,0.2,190,180,https://api.pushshift.io/reddit/search/submission/?&q=deadass&subreddit=askmen&aggs=subreddit&fields=aggs&metadata=true&after=190d&before=180d
0,0.2,180,170,https://api.pushshift.io/reddit/search/submission/?&q=deadass&subreddit=askmen&aggs=subreddit&fields=aggs&metadata=true&after=180d&before=170d
1,0.2,170,160,https://api.pushshift.io/reddit/search/submission/?&q=deadass&subreddit=askmen&aggs=subreddit&fields=aggs&metadata=true&after=170d&before=160d
0,0.2,160,150,https://api.pushshift.io/reddit/search/submission/?&q=deadass&subreddit=askmen&aggs=subreddit&fields=aggs&metadata=true&after=160d&before=150d
0,0.2,150,140,https://api.pushshift.io/reddit/search/submission/?&q=deadass&subreddit=askmen&aggs=subreddit&fields=aggs&metadata=true&after=150d&before=140d
0,0.0,140,130,https://api.pushshift.io/reddit/search/submission/?&q=deadass&subreddit=askmen&aggs=subreddit&fields=aggs&metadata=true&after=140d&before=130d
0,0.0,130,120,https://api.pushshift.io/reddit/search/submission/?&q=deadass&subreddit=askmen&aggs=subreddit&fields=aggs&metadata=true&after=130d&before=120d
0,0.0,120,110,https://api.pushshift.io/reddit/search/submission/?&q=deadass&subreddit=askmen&aggs=subreddit&fields=aggs&metadata=true&after=120d&before=110d
0,0.0,110,100,https://api.pushshift.io/reddit/search/submission/?&q=deadass&subreddit=askmen&aggs=subreddit&fields=aggs&metadata=true&after=110d&before=100d
0,0.0,100,90,https://api.pushshift.io/reddit/search/submission/?&q=deadass&subreddit=askmen&aggs=subreddit&fields=aggs&metadata=true&after=100d&before=90d
0,0.0,90,80,https://api.pushshift.io/reddit/search/submission/?&q=deadass&subreddit=askmen&aggs=subreddit&fields=aggs&metadata=true&after=90d&before=80d
0,0.0,80,70,https://api.pushshift.io/reddit/search/submission/?&q=deadass&subreddit=askmen&aggs=subreddit&fields=aggs&metadata=true&after=80d&before=70d
0,0.0,70,60,https://api.pushshift.io/reddit/search/submission/?&q=deadass&subreddit=askmen&aggs=subreddit&fields=aggs&metadata=true&after=70d&before=60d
0,0.0,60,50,https://api.pushshift.io/reddit/search/submission/?&q=deadass&subreddit=askmen&aggs=subreddit&fields=aggs&metadata=true&after=60d&before=50d
0,0.0,50,40,https://api.pushshift.io/reddit/search/submission/?&q=deadass&subreddit=askmen&aggs=subreddit&fields=aggs&metadata=true&after=50d&before=40d
0,0.0,40,30,https://api.pushshift.io/reddit/search/submission/?&q=deadass&subreddit=askmen&aggs=subreddit&fields=aggs&metadata=true&after=40d&before=30d
0,0.0,30,20,https://api.pushshift.io/reddit/search/submission/?&q=deadass&subreddit=askmen&aggs=subreddit&fields=aggs&metadata=true&after=30d&before=20d
0,NA,20,10,https://api.pushshift.io/reddit/search/submission/?&q=deadass&subreddit=askmen&aggs=subreddit&fields=aggs&metadata=true&after=20d&before=10d
0,NA,10,0,https://api.pushshift.io/reddit/search/submission/?&q=deadass&subreddit=askmen&aggs=subreddit&fields=aggs&metadata=true&after=10d&before=0d
